sample_id,expected_scene,image_log_time_s_from_bag_start,image_header_time_s_from_bag_start,image_header_epoch_ns,matched_target_log_time_s_from_bag_start,detected_z_gt_0,ex_normalized,ey_normalized,area_ratio_z,preliminary_visual_result,human_review_result
P01,visible,0.881640,0.846497,1791430470133704834,0.885667,True,0.179728,-0.234339,0.09555326,correct_detection,
P02,visible,1.515077,1.480262,1791430470767470215,1.518900,True,0.153540,-0.867317,0.00646619,correct_detection,
P03,visible,2.149191,2.114035,1791430471401243408,2.153106,True,0.214812,0.922582,0.00106132,correct_detection,
P04,visible,2.783235,2.747818,1791430472035025635,2.787094,True,0.298134,0.273758,0.02300511,correct_detection,
P05,visible,3.416668,3.381599,1791430472668807129,3.421041,True,0.048834,-0.916771,0.00915881,correct_detection,
P06,visible,4.049825,4.015380,1791430473302587646,4.054062,True,0.335650,-0.517402,0.11874509,correct_detection,
P07,visible,5.685111,5.649859,1791430474937066895,5.688993,False,0.000000,0.000000,0.00000000,missed,
P08,visible,6.318929,6.283636,1791430475570844238,6.322943,True,0.188060,0.754023,0.02097091,correct_detection,
P09,visible,6.952779,6.917426,1791430476204634033,6.958223,True,-0.307170,0.410875,0.04030562,correct_detection,
P10,visible,7.586558,7.551217,1791430476838425293,7.590199,False,0.000000,0.000000,0.00000000,missed,
P11,visible,8.253635,8.218367,1791430477505574951,8.257362,True,-0.686454,0.044890,0.07929933,correct_detection,
P12,visible,8.887500,8.852156,1791430478139364014,8.892019,True,-0.200025,0.119184,0.00225531,correct_detection,
P13,visible,9.520855,9.485954,1791430478773162354,9.524322,False,0.000000,0.000000,0.00000000,missed,
P14,visible,10.155114,10.119767,1791430479406975098,10.160112,True,0.925250,0.068817,0.03317119,correct_detection,
P15,visible,11.589244,11.554172,1791430480841380127,11.593035,True,-0.743959,-0.082423,0.10808274,correct_detection,
P16,visible,12.223204,12.187989,1791430481475196777,12.227402,False,0.000000,0.000000,0.00000000,missed,
P17,visible,12.856691,12.821810,1791430482109017822,12.860302,False,0.000000,0.000000,0.00000000,missed,
P18,visible,13.490552,13.455627,1791430482742835205,13.494668,True,0.023256,-0.069172,0.00230444,correct_detection,
P19,visible,14.124151,14.089434,1791430483376642334,14.128270,True,0.497454,-0.326955,0.02888168,correct_detection,
P20,visible,18.760843,18.725968,1791430488013176270,18.765035,True,0.053832,0.366592,0.02638561,correct_detection,
P21,visible,22.129848,22.095099,1791430491382307373,22.133677,True,-0.391166,-0.335307,0.08876278,correct_detection,
P22,visible,22.764165,22.728889,1791430492016097412,22.768370,True,-0.433841,-0.068232,0.05817119,correct_detection,
P23,visible,23.397421,23.362676,1791430492649884521,23.401475,True,-0.169713,0.003938,0.04246266,correct_detection,
P24,visible,27.233600,27.198738,1791430496485946045,27.237946,True,0.488695,-0.047383,0.01929540,correct_detection,
P25,visible,27.867582,27.832527,1791430497119734863,27.871415,True,0.276004,-0.079470,0.01928066,correct_detection,
P26,visible,28.501492,28.466321,1791430497753529541,28.505281,True,0.179136,-0.336591,0.03270932,correct_detection,
P27,visible,29.135282,29.100129,1791430498387336670,29.139747,True,0.195739,0.358530,0.02549627,correct_detection,
P28,visible,29.769049,29.733934,1791430499021141602,29.774206,True,0.189846,-0.031553,0.01843062,correct_detection,
P29,visible,30.402942,30.367741,1791430499654949463,30.407007,True,0.337512,0.043220,0.02620381,correct_detection,
P30,visible,31.035881,31.001564,1791430500288771973,31.040121,True,0.290850,0.267765,0.02274469,correct_detection,
N01,no_target,0.180679,0.146020,1791430469433227783,0.184718,False,0.000000,0.000000,0.00000000,no_false_positive,
N02,no_target,5.318205,5.282935,1791430474570143311,5.321953,False,0.000000,0.000000,0.00000000,no_false_positive,
N03,no_target,10.622029,10.586781,1791430479873989502,10.625895,False,0.000000,0.000000,0.00000000,no_false_positive,
N04,no_target,15.125263,15.090155,1791430484377363525,15.129351,False,0.000000,0.000000,0.00000000,no_false_positive,
N05,no_target,16.125865,16.090859,1791430485378066895,16.129593,False,0.000000,0.000000,0.00000000,no_false_positive,
N06,no_target,17.126741,17.091554,1791430486378762451,17.130730,False,0.000000,0.000000,0.00000000,no_false_positive,
N07,no_target,19.928591,19.893466,1791430489180674316,19.932350,False,0.000000,0.000000,0.00000000,no_false_positive,
N08,no_target,20.929424,20.894221,1791430490181428955,20.933482,False,0.000000,0.000000,0.00000000,no_false_positive,
N09,no_target,24.631640,24.596876,1791430493884084229,24.635557,False,0.000000,0.000000,0.00000000,no_false_positive,
N10,no_target,25.632678,25.597601,1791430494884809326,25.637055,False,0.000000,0.000000,0.00000000,no_false_positive,
